{"Rank-0 Batch Wise/train_loss": 4.872577667236328, "Rank-0 Batch Wise/train_max_lr": 4.959535170899741e-05, "Rank-0 Batch Wise/train_min_lr": 4.805244547871871e-07, "Rank-0 Batch Wise/global_train_step": 325, "_runtime": 492, "_timestamp": 1643288253, "_step": 652, "Rank-0 Batch Wise/train_class_acc": 0.1875, "n_parameters": 87771464, "epoch": 0, "Global Train/train_lr": 4.995560400628593e-05, "Global Train/train_min_lr": 4.840149036452999e-07, "Global Train/train_loss": 5.221354649028676, "Global Train/train_class_acc": 0.15073529411764705, "Global Train/train_weight_decay": 9.99999999999993e-09, "Global Test/test_loss": 4.988946228973137, "Global Test/test_acc1": 28.253366331417148, "Global Test/test_acc5": 64.03175842264088}